Reactor inlet temperature,Separator temperature,Separator pressure,Fraction recycle,Feed fraction CO
535.6538542686026,338.72443261868295,61.054907325779205,0.5224719778803645,0.6819406929632987
